{
    "cam0": {
        "K": [
            2263.536832402793,
            0,
            1145.702476996091,
            0,
            2263.536832402793,
            1329.734991823213,
            0,
            0,
            1
        ],
        "R": [
            -0.6681006071358447,
            -0.32203385738774953,
            0.6707725198908207,
            -0.48093977428810425,
            -0.5009658091804041,
            -0.7195347048891598,
            0.5677486347428959,
            -0.8033227575067131,
            0.17981667058253653
        ],
        "T": [
            0.92216149982717,
            -0.9235894596007,
            1.5334185870631467
        ],
        "imgSize": [
            2300.0,
            2656.0
        ],
        "distort": [
            -0.08390679225628754,
            0.09327453495083804,
            -0.010616292149374984,
            0.0008191547611111152,
            0.0005511070668098991
        ]
    },
    "cam1": {
        "K": [
            2263.536832402793,
            0,
            1145.702476996091,
            0,
            2263.536832402793,
            1329.734991823213,
            0,
            0,
            1
        ],
        "R": [
            -0.6616755894407668,
            -0.32070349314184804,
            0.6777423432432351,
            -0.25165490452348566,
            -0.7564865103944719,
            -0.6036538483439591,
            0.7062968379990738,
            -0.5699802006015756,
            0.41984205072229047
        ],
        "T": [
            0.9273381890786974,
            -0.8327513223559815,
            1.6860849578711445
        ],
        "imgSize": [
            2300.0,
            2656.0
        ],
        "distort": [
            -0.08390679225628754,
            0.09327453495083804,
            -0.010616292149374984,
            0.0008191547611111152,
            0.0005511070668098991
        ]
    },
    "cam2": {
        "K": [
            2263.536832402793,
            0,
            1145.702476996091,
            0,
            2263.536832402793,
            1329.734991823213,
            0,
            0,
            1
        ],
        "R": [
            -0.9530371438691927,
            0.03110116062814007,
            0.30125225345752,
            -0.28177011660822093,
            -0.4557048667932926,
            -0.8443569599212749,
            0.11102163659503879,
            -0.8895874280746614,
            0.4430670423528126
        ],
        "T": [
            0.45360714759353377,
            -1.1160565615091227,
            1.9138590316276003
        ],
        "imgSize": [
            2300.0,
            2656.0
        ],
        "distort": [
            -0.08390679225628754,
            0.09327453495083804,
            -0.010616292149374984,
            0.0008191547611111152,
            0.0005511070668098991
        ]
    },
    "cam3": {
        "K": [
            2263.536832402793,
            0,
            1145.702476996091,
            0,
            2263.536832402793,
            1329.734991823213,
            0,
            0,
            1
        ],
        "R": [
            -0.9573586261315185,
            0.05202608084564998,
            0.2841790771387167,
            -0.24189641059095854,
            -0.6821647667201178,
            -0.6900270701855812,
            0.15795754972390896,
            -0.7293452666313316,
            0.6656612460761779
        ],
        "T": [
            0.41314402002648565,
            -1.0705472449397149,
            2.024953015689158
        ],
        "imgSize": [
            2300.0,
            2656.0
        ],
        "distort": [
            -0.08390679225628754,
            0.09327453495083804,
            -0.010616292149374984,
            0.0008191547611111152,
            0.0005511070668098991
        ]
    },
    "cam4": {},
    "cam5": {
        "K": [
            2263.536832402793,
            0,
            1145.702476996091,
            0,
            2263.536832402793,
            1329.734991823213,
            0,
            0,
            1
        ],
        "R": [
            -0.9012971374547646,
            0.3835936157943793,
            -0.2012943316083252,
            -0.17860102954967413,
            -0.7523738171648167,
            -0.6340625454075007,
            -0.39467092907844725,
            -0.5355273822753015,
            0.7466225824161219
        ],
        "T": [
            -0.3261464162903424,
            -0.8672026826830319,
            2.1666551669343526
        ],
        "imgSize": [
            2300.0,
            2656.0
        ],
        "distort": [
            -0.08390679225628754,
            0.09327453495083804,
            -0.010616292149374984,
            0.0008191547611111152,
            0.0005511070668098991
        ]
    },
    "cam6": {
        "K": [
            2263.536832402793,
            0,
            1145.702476996091,
            0,
            2263.536832402793,
            1329.734991823213,
            0,
            0,
            1
        ],
        "R": [
            -0.6164004590467,
            0.5128268639249087,
            -0.5975442090121537,
            0.1784505544165386,
            -0.6481320877457204,
            -0.7403243859706394,
            -0.7669458088518688,
            -0.5629683867423795,
            0.30799467822226323
        ],
        "T": [
            -0.8484875512146883,
            -0.9160948062263176,
            1.7693098054152891
        ],
        "imgSize": [
            2300.0,
            2656.0
        ],
        "distort": [
            -0.08390679225628754,
            0.09327453495083804,
            -0.010616292149374984,
            0.0008191547611111152,
            0.0005511070668098991
        ]
    },
    "cam7": {
        "K": [
            2263.536832402793,
            0,
            1145.702476996091,
            0,
            2263.536832402793,
            1329.734991823213,
            0,
            0,
            1
        ],
        "R": [
            -0.6296041980726514,
            0.5009199002502478,
            -0.5938668262351211,
            -0.11295790697631551,
            -0.8152882670667242,
            -0.5679309401986027,
            -0.7686605655429606,
            -0.29048975045020126,
            0.5698917790796387
        ],
        "T": [
            -0.8211853764762393,
            -0.7114967573942496,
            1.9617272251507272
        ],
        "imgSize": [
            2300.0,
            2656.0
        ],
        "distort": [
            -0.08390679225628754,
            0.09327453495083804,
            -0.010616292149374984,
            0.0008191547611111152,
            0.0005511070668098991
        ]
    },
    "cam8": {
        "K": [
            2263.536832402793,
            0,
            1145.702476996091,
            0,
            2263.536832402793,
            1329.734991823213,
            0,
            0,
            1
        ],
        "R": [
            0.2721493893986212,
            0.49117384768402433,
            -0.8274557155529403,
            0.3135579022977238,
            -0.8582449719315854,
            -0.4063213138155617,
            -0.9097341104721802,
            -0.14887518095849125,
            -0.38758228640892256
        ],
        "T": [
            -1.0975491090915985,
            -0.5700687254984819,
            0.8686598508674352
        ],
        "imgSize": [
            2300.0,
            2656.0
        ],
        "distort": [
            -0.08390679225628754,
            0.09327453495083804,
            -0.010616292149374984,
            0.0008191547611111152,
            0.0005511070668098991
        ]
    },
    "cam9": {
        "K": [
            2263.536832402793,
            0,
            1145.702476996091,
            0,
            2263.536832402793,
            1329.734991823213,
            0,
            0,
            1
        ],