{
    "cam0": {
        "K": [
            2260.663019236886,
            0,
            1142.7834092988905,
            0,
            2260.663019236886,
            1323.6062102256976,
            0,
            0,
            1
        ],
        "R": [
            0.8610544885507861,
            0.4012690616150927,
            -0.3123592610073971,
            0.10743442125053093,
            -0.743945971834601,
            -0.6595469931109046,
            -0.49703421700835443,
            0.5343477623997455,
            -0.683688127687821
        ],
        "T": [
            -0.3601334979113614,
            -1.078176268044083,
            0.4907103790354074
        ],
        "imgSize": [
            2300.0,
            2656.0
        ],
        "distort": [
            -0.08291057427756618,
            0.08003483237200942,
            0.00023975598899933593,
            0.00019485227404902043,
            0
        ]
    },
    "cam1": {
        "K": [
            2260.663019236886,
            0,
            1142.7834092988905,
            0,
            2260.663019236886,
            1323.6062102256976,
            0,
            0,
            1
        ],
        "R": [
            0.8582251381645196,
            0.4100037767094711,
            -0.30878231054654215,
            -0.07030451403569239,
            -0.5020220669244791,
            -0.8619925287536307,
            -0.5084357260546274,
            0.7614924473721613,
            -0.402022841473541
        ],
        "T": [
            -0.35854005875716666,
            -1.4365557502141255,
            0.766482847101192
        ],
        "imgSize": [
            2300.0,
            2656.0
        ],
        "distort": [
            -0.08291057427756618,
            0.08003483237200942,
            0.00023975598899933593,
            0.00019485227404902043,
            0
        ]
    },
    "cam2": {
        "K": [
            2260.663019236886,
            0,
            1142.7834092988905,
            0,
            2260.663019236886,
            1323.6062102256976,
            0,
            0,
            1
        ],
        "R": [
            0.9926348593205985,
            -0.10889943102591333,
            -0.05307494685638107,
            -0.11865144581075968,
            -0.7855086438916864,
            -0.6073697430548062,
            0.024451389911244382,
            0.6091937986336345,
            -0.7926443371637315
        ],
        "T": [
            0.0007191179030836297,
            -1.0412288851170333,
            0.3863275006392978
        ],
        "imgSize": [
            2300.0,
            2656.0
        ],
        "distort": [
            -0.08291057427756618,
            0.08003483237200942,
            0.00023975598899933593,
            0.00019485227404902043,
            0
        ]
    },
    "cam3": {
        "K": [
            2260.663019236886,
            0,
            1142.7834092988905,
            0,
            2260.663019236886,
            1323.6062102256976,
            0,
            0,
            1
        ],
        "R": [
            0.9903313270111898,
            -0.13411851959469098,
            -0.03544129571536922,
            -0.10386557492985166,
            -0.5475298513091577,
            -0.8303150030379208,
            0.09195545163146733,
            0.82596808935158,
            -0.5561662613716811
        ],
        "T": [
            -0.0032914689692312665,
            -1.4655792255044149,
            0.5790404779100885
        ],
        "imgSize": [
            2300.0,
            2656.0
        ],
        "distort": [
            -0.08291057427756618,
            0.08003483237200942,
            0.00023975598899933593,
            0.00019485227404902043,
            0
        ]
    },
    "cam4": {
        "K": [
            2260.663019236886,
            0,
            1142.7834092988905,
            0,
            2260.663019236886,
            1323.6062102256976,
            0,
            0,
            1
        ],
        "R": [
            0.7921564807045868,
            -0.5918736891580204,
            0.14890818029980374,
            -0.38768686851778633,
            -0.6764241820950124,
            -0.6262181871009226,
            0.47136716268382217,
            0.4383330491299609,
            -0.7652954566596061
        ],
        "T": [
            0.19591313100122673,
            -1.0575174234661462,
            0.4359119400468352
        ],
        "imgSize": [
            2300.0,
            2656.0
        ],
        "distort": [
            -0.08291057427756618,
            0.08003483237200942,
            0.00023975598899933593,
            0.00019485227404902043,
            0
        ]
    },
    "cam5": {
        "K": [
            2260.663019236886,
            0,
            1142.7834092988905,
            0,
            2260.663019236886,
            1323.6062102256976,
            0,
            0,
            1
        ],
        "R": [
            0.7832754070039135,
            -0.5844100360868832,
            0.21200128892009382,
            -0.14237699231591622,
            -0.5005866661614545,
            -0.8538979925731373,
            0.6051515750966253,
            0.6386531917890083,
            -0.475303767895632
        ],
        "T": [
            0.2508646274690859,
            -1.41648323402791,
            0.729484858399648
        ],
        "imgSize": [
            2300.0,
            2656.0
        ],
        "distort": [
            -0.08291057427756618,
            0.08003483237200942,
            0.00023975598899933593,
            0.00019485227404902043,
            0
        ]
    },
    "cam6": {
        "K": [
            2260.663019236886,
            0,
            1142.7834092988905,
            0,
            2260.663019236886,
            1323.6062102256976,
            0,
            0,
            1
        ],
        "R": [
            0.34854582877468293,
            -0.8755658710377959,
            0.3345148886336679,
            -0.506033150594627,
            -0.4761951705146,
            -0.7191443596927163,
            0.7889526321288526,
            0.08137914384163064,
            -0.609041196639897
        ],
        "T": [
            0.34238756869342457,
            -1.1130131061056938,
            0.6602985974608188
        ],
        "imgSize": [
            2300.0,
            2656.0
        ],
        "distort": [
            -0.08291057427756618,
            0.08003483237200942,
            0.00023975598899933593,
            0.00019485227404902043,
            0
        ]
    },
    "cam7": {
        "K": [
            2260.663019236886,
            0,
            1142.7834092988905,
            0,
            2260.663019236886,
            1323.6062102256976,
            0,
            0,
            1
        ],
        "R": [
            0.3628031333481292,
            -0.8746380827630459,
            0.32153088594000173,
            -0.18061769443000772,
            -0.404498062856896,
            -0.8965258309741035,
            0.914194254462129,
            0.26718821329841935,
            -0.30472827860707413
        ],
        "T": [
            0.35083902469963085,
            -1.3941130377123072,
            0.9820270401144766
        ],
        "imgSize": [
            2300.0,
            2656.0
        ],
        "distort": [
            -0.08291057427756618,
            0.08003483237200942,
            0.00023975598899933593,
            0.00019485227404902043,
            0
        ]
    },
    "cam8": {
        "K": [
            2260.663019236886,
            0,
            1142.7834092988905,
            0,
            2260.663019236886,
            1323.6062102256976,
            0,
            0,
            1
        ],