{
    "cam0": {
        "K": [
            2261.6599385609247,
            0,
            1144.603327521019,
            0,
            2261.6599385609247,
            1319.467569748586,
            0,
            0,
            1
        ],
        "R": [
            -0.6314698072830416,
            -0.3620021996604435,
            0.6857115209261971,
            -0.5115380637928143,
            -0.4701082959536922,
            -0.7192544746934931,
            0.5827303765730909,
            -0.8049550282571788,
            0.1116812907449942
        ],
        "T": [
            0.9214514785810047,
            -0.7268547379010944,
            0.9875327413923866
        ],
        "imgSize": [
            2300.0,
            2656.0
        ],
        "distort": [
            -0.0808906007994973,
            0.06618249085446415,
            0.0006181988776595986,
            -0.00035459105413522914,
            0.019530938312168945
        ]
    },
    "cam1": {
        "K": [
            2261.6599385609247,
            0,
            1144.603327521019,
            0,
            2261.6599385609247,
            1319.467569748586,
            0,
            0,
            1
        ],
        "R": [
            -0.634938772312886,
            -0.35412736764867153,
            0.6866196639304967,
            -0.2929377337060671,
            -0.7120307656109959,
            -0.6381219891169495,
            0.7148707852367157,
            -0.6063052006255939,
            0.3483586716437529
        ],
        "T": [
            0.9069502213012798,
            -0.757968879871036,
            1.129222425141486
        ],
        "imgSize": [
            2300.0,
            2656.0
        ],
        "distort": [
            -0.0808906007994973,
            0.06618249085446415,
            0.0006181988776595986,
            -0.00035459105413522914,
            0.019530938312168945
        ]
    },
    "cam2": {
        "K": [
            2261.6599385609247,
            0,
            1144.603327521019,
            0,
            2261.6599385609247,
            1319.467569748586,
            0,
            0,
            1
        ],
        "R": [
            -0.9344181275095202,
            0.026012794467277722,
            0.3552268254307458,
            -0.3282611956931093,
            -0.44994887558004054,
            -0.8305363307925715,
            0.13822933980791724,
            -0.8926753855059865,
            0.42897937680966325
        ],
        "T": [
            0.6133093838353889,
            -0.8747510493684929,
            1.451553094461139
        ],
        "imgSize": [
            2300.0,
            2656.0
        ],
        "distort": [
            -0.0808906007994973,
            0.06618249085446415,
            0.0006181988776595986,
            -0.00035459105413522914,
            0.019530938312168945
        ]
    },
    "cam3": {
        "K": [
            2261.6599385609247,
            0,
            1144.603327521019,
            0,
            2261.6599385609247,
            1319.467569748586,
            0,
            0,
            1
        ],
        "R": [
            -0.9469632017676922,
            0.07136620567962343,
            0.3133170266435821,
            -0.28638148003176833,
            -0.6297021132120834,
            -0.7221224941178955,
            0.14576125134168988,
            -0.773551622907696,
            0.6167426888939783
        ],
        "T": [
            0.5204624397454957,
            -0.9536960623735209,
            1.5378767430348474
        ],
        "imgSize": [
            2300.0,
            2656.0
        ],
        "distort": [
            -0.0808906007994973,
            0.06618249085446415,
            0.0006181988776595986,
            -0.00035459105413522914,
            0.019530938312168945
        ]
    },
    "cam4": {
        "K": [
            2261.6599385609247,
            0,
            1144.603327521019,
            0,
            2261.6599385609247,
            1319.467569748586,
            0,
            0,
            1
        ],
        "R": [
            -0.936234286799442,
            0.3322005500939363,
            -0.11449085002054349,
            -0.053413627302525385,
            -0.45660120537121907,
            -0.8880666211900641,
            -0.34729288020275806,
            -0.8253230481277228,
            0.44522974023490014
        ],
        "T": [
            0.04853495437861392,
            -1.0451809982762945,
            1.566450202067429
        ],
        "imgSize": [
            2300.0,
            2656.0
        ],
        "distort": [
            -0.0808906007994973,
            0.06618249085446415,
            0.0006181988776595986,
            -0.00035459105413522914,
            0.019530938312168945
        ]
    },
    "cam5": {
        "K": [
            2261.6599385609247,
            0,
            1144.603327521019,
            0,
            2261.6599385609247,
            1319.467569748586,
            0,
            0,
            1
        ],
        "R": [
            -0.9206897921592588,
            0.3814715861178717,
            -0.08252112213521255,
            -0.2335821915324146,
            -0.7079409146674112,
            -0.666527584679572,
            -0.312681413602814,
            -0.5943896788509914,
            0.7408989426789334
        ],
        "T": [
            0.07778848583185022,
            -0.7930453810954541,
            1.7966373186229052
        ],
        "imgSize": [
            2300.0,
            2656.0
        ],
        "distort": [
            -0.0808906007994973,
            0.06618249085446415,
            0.0006181988776595986,
            -0.00035459105413522914,
            0.019530938312168945
        ]
    },
    "cam6": {
        "K": [
            2261.6599385609247,
            0,
            1144.603327521019,
            0,
            2261.6599385609247,
            1319.467569748586,
            0,
            0,
            1
        ],
        "R": [
            -0.6987524289678068,
            0.5367629169674706,
            -0.47289598642847774,
            0.10169885738265942,
            -0.5798062046306492,
            -0.8083824017622245,
            -0.7080977230712242,
            -0.6129521482468059,
            0.350552818475296
        ],
        "T": [
            -0.37471299804354363,
            -0.9438779084745132,
            1.54250639101628
        ],
        "imgSize": [
            2300.0,
            2656.0
        ],
        "distort": [
            -0.0808906007994973,
            0.06618249085446415,
            0.0006181988776595986,
            -0.00035459105413522914,
            0.019530938312168945
        ]
    },
    "cam7": {
        "K": [
            2261.6599385609247,
            0,
            1144.603327521019,
            0,
            2261.6599385609247,
            1319.467569748586,
            0,
            0,
            1
        ],
        "R": [
            -0.652149212029186,
            0.5491822792115738,
            -0.522589924749505,
            -0.16266938129404196,
            -0.7746672074819898,
            -0.6110886924509971,
            -0.7404323585845811,
            -0.313511629532361,
            0.5945337505212279
        ],
        "T": [
            -0.5045952550663014,
            -0.6933684994099456,
            1.72789866624928
        ],
        "imgSize": [
            2300.0,
            2656.0
        ],
        "distort": [
            -0.0808906007994973,
            0.06618249085446415,
            0.0006181988776595986,
            -0.00035459105413522914,
            0.019530938312168945
        ]
    },
    "cam8": {
        "K": [
            2261.6599385609247,
            0,
            1144.603327521019,
            0,
            2261.6599385609247,
            1319.467569748586,
            0,
            0,
            1
        ],